{
    "micro_IoU": 0.6049382716049383,
    "micro_Precision": 0.7538461538461538,
    "micro_Recall": 0.7538461538461538,
    "micro_F1-score": 0.7538461538461538,
    "MACRO_IoU": 0.5081387878036848,
    "MACRO_Precision": 0.6398266076759639,
    "MACRO_Recall": 0.6361095551957621,
    "MACRO_F1-score": 0.6355691543906543,
    "Accuracy": 0.7538461538461538
}