{
    "0": {
        "IoU": 0.8555555555555555,
        "Precision": 0.9112426035502958,
        "Recall": 0.9333333333333333,
        "F1-score": 0.9221556886227545
    },
    "1": {
        "IoU": 0.463768115942029,
        "Precision": 0.5714285714285714,
        "Recall": 0.7111111111111111,
        "F1-score": 0.6336633663366337
    },
    "2": {
        "IoU": 0.43548387096774194,
        "Precision": 0.6923076923076923,
        "Recall": 0.54,
        "F1-score": 0.6067415730337079
    },
    "3": {
        "IoU": 0.8846153846153846,
        "Precision": 0.9583333333333334,
        "Recall": 0.92,
        "F1-score": 0.9387755102040817
    },
    "4": {
        "IoU": 0.5220125786163522,
        "Precision": 0.6587301587301587,
        "Recall": 0.7155172413793104,
        "F1-score": 0.6859504132231405
    },
    "5": {
        "IoU": 0.4868421052631579,
        "Precision": 0.6379310344827587,
        "Recall": 0.6727272727272727,
        "F1-score": 0.6548672566371682
    },
    "6": {
        "IoU": 0.6494845360824743,
        "Precision": 0.7682926829268293,
        "Recall": 0.8076923076923077,
        "F1-score": 0.7875
    },
    "7": {
        "IoU": 0.39473684210526316,
        "Precision": 0.6,
        "Recall": 0.5357142857142857,
        "F1-score": 0.5660377358490566
    },
    "8": {
        "IoU": 0.3888888888888889,
        "Precision": 0.6,
        "Recall": 0.525,
        "F1-score": 0.56
    },
    "9": {
        "IoU": 0.0,
        "Precision": 0.0,
        "Recall": 0.0,
        "F1-score": 0.0
    }
}